Pair,Delta (mHz)
1.934052-1.800537,0.133514
2.004242-1.800537,0.203705
2.071381-1.800537,0.270844
2.133179-1.800537,0.332642
2.207184-1.800537,0.406647
2.266693-1.800537,0.466156
2.340698-1.800537,0.540161
2.402496-1.800537,0.601959
2.476501-1.800537,0.675964
2.536011-1.800537,0.735474
2.609253-1.800537,0.808716
2.669525-1.800537,0.868988
2.742767-1.800537,0.942230
2.805328-1.800537,1.004791
2.877808-1.800537,1.077271
2.942657-1.800537,1.142120
3.012848-1.800537,1.212311
3.075409-1.800537,1.274872
3.147125-1.800537,1.346588
3.214264-1.800537,1.413727
3.284454-1.800537,1.483917
3.345489-1.800537,1.544952
3.418732-1.800537,1.618195
3.482056-1.800537,1.681519
3.553772-1.800537,1.753235
3.618622-1.800537,1.818085
3.688812-1.800537,1.888275
3.755188-1.800537,1.954651
3.825378-1.800537,2.024841
3.892517-1.800537,2.091980
3.963470-1.800537,2.162933
4.029083-1.800537,2.228546
4.100800-1.800537,2.300262
4.167175-1.800537,2.366638
4.238892-1.800537,2.438354
4.300690-1.800537,2.500153
4.376221-1.800537,2.575684
4.444122-1.800537,2.643585
4.513550-1.800537,2.713013
4.580688-1.800537,2.780151
4.646301-1.800537,2.845764
4.722595-1.800537,2.922058
4.785156-1.800537,2.984619
4.851532-1.800537,3.050995
4.921722-1.800537,3.121185
4.993439-1.800537,3.192902
5.064392-1.800537,3.263855
2.004242-1.934052,0.070190
2.071381-1.934052,0.137329
2.133179-1.934052,0.199127
2.207184-1.934052,0.273132
2.266693-1.934052,0.332642
2.340698-1.934052,0.406647
2.402496-1.934052,0.468445
2.476501-1.934052,0.542450
2.536011-1.934052,0.601959
2.609253-1.934052,0.675201
2.669525-1.934052,0.735474
2.742767-1.934052,0.808716
2.805328-1.934052,0.871277
2.877808-1.934052,0.943756
2.942657-1.934052,1.008606
3.012848-1.934052,1.078796
3.075409-1.934052,1.141357
3.147125-1.934052,1.213074
3.214264-1.934052,1.280212
3.284454-1.934052,1.350403
3.345489-1.934052,1.411438
3.418732-1.934052,1.484680
3.482056-1.934052,1.548004
3.553772-1.934052,1.619720
3.618622-1.934052,1.684570
3.688812-1.934052,1.754761
3.755188-1.934052,1.821136
3.825378-1.934052,1.891327
3.892517-1.934052,1.958466
3.963470-1.934052,2.029419
4.029083-1.934052,2.095032
4.100800-1.934052,2.166748
4.167175-1.934052,2.233124
4.238892-1.934052,2.304840
4.300690-1.934052,2.366638
4.376221-1.934052,2.442169
4.444122-1.934052,2.510071
4.513550-1.934052,2.579498
4.580688-1.934052,2.646637
4.646301-1.934052,2.712250
4.722595-1.934052,2.788544
4.785156-1.934052,2.851105
4.851532-1.934052,2.917480
4.921722-1.934052,2.987671
4.993439-1.934052,3.059387
5.064392-1.934052,3.130341
2.071381-2.004242,0.067139
2.133179-2.004242,0.128937
2.207184-2.004242,0.202942
2.266693-2.004242,0.262451
2.340698-2.004242,0.336456
2.402496-2.004242,0.398254
2.476501-2.004242,0.472260
2.536011-2.004242,0.531769
2.609253-2.004242,0.605011
2.669525-2.004242,0.665283
2.742767-2.004242,0.738525
2.805328-2.004242,0.801086
2.877808-2.004242,0.873566
2.942657-2.004242,0.938416
3.012848-2.004242,1.008606
3.075409-2.004242,1.071167
3.147125-2.004242,1.142883
3.214264-2.004242,1.210022
3.284454-2.004242,1.280212
3.345489-2.004242,1.341248
3.418732-2.004242,1.414490
3.482056-2.004242,1.477814
3.553772-2.004242,1.549530
3.618622-2.004242,1.614380
3.688812-2.004242,1.684570
3.755188-2.004242,1.750946
3.825378-2.004242,1.821136
3.892517-2.004242,1.888275
3.963470-2.004242,1.959229
4.029083-2.004242,2.024841
4.100800-2.004242,2.096558
4.167175-2.004242,2.162933
4.238892-2.004242,2.234650
4.300690-2.004242,2.296448
4.376221-2.004242,2.371979
4.444122-2.004242,2.439880
4.513550-2.004242,2.509308
4.580688-2.004242,2.576447
4.646301-2.004242,2.642059
4.722595-2.004242,2.718353
4.785156-2.004242,2.780914
4.851532-2.004242,2.847290
4.921722-2.004242,2.917480
4.993439-2.004242,2.989197
5.064392-2.004242,3.060150
2.133179-2.071381,0.061798
2.207184-2.071381,0.135803
2.266693-2.071381,0.195312
2.340698-2.071381,0.269318
2.402496-2.071381,0.331116
2.476501-2.071381,0.405121
2.536011-2.071381,0.464630
2.609253-2.071381,0.537872
2.669525-2.071381,0.598145
2.742767-2.071381,0.671387
2.805328-2.071381,0.733948
2.877808-2.071381,0.806427
2.942657-2.071381,0.871277
3.012848-2.071381,0.941467
3.075409-2.071381,1.004028
3.147125-2.071381,1.075745
3.214264-2.071381,1.142883
3.284454-2.071381,1.213074
3.345489-2.071381,1.274109
3.418732-2.071381,1.347351
3.482056-2.071381,1.410675
3.553772-2.071381,1.482391
3.618622-2.071381,1.547241
3.688812-2.071381,1.617432
3.755188-2.071381,1.683807
3.825378-2.071381,1.753998
3.892517-2.071381,1.821136
3.963470-2.071381,1.892090
4.029083-2.071381,1.957703
4.100800-2.071381,2.029419
4.167175-2.071381,2.095795
4.238892-2.071381,2.167511
4.300690-2.071381,2.229309
4.376221-2.071381,2.304840
4.444122-2.071381,2.372742
4.513550-2.071381,2.442169
4.580688-2.071381,2.509308
4.646301-2.071381,2.574921
4.722595-2.071381,2.651215
4.785156-2.071381,2.713776
4.851532-2.071381,2.780151
4.921722-2.071381,2.850342
4.993439-2.071381,2.922058
5.064392-2.071381,2.993011
2.207184-2.133179,0.074005
2.266693-2.133179,0.133514
2.340698-2.133179,0.207520
2.402496-2.133179,0.269318
2.476501-2.133179,0.343323
2.536011-2.133179,0.402832
2.609253-2.133179,0.476074
2.669525-2.133179,0.536346
2.742767-2.133179,0.609589
2.805328-2.133179,0.672150
2.877808-2.133179,0.744629
2.942657-2.133179,0.809479
3.012848-2.133179,0.879669
3.075409-2.133179,0.942230
3.147125-2.133179,1.013947
3.214264-2.133179,1.081085
3.284454-2.133179,1.151276
3.345489-2.133179,1.212311
3.418732-2.133179,1.285553
3.482056-2.133179,1.348877
3.553772-2.133179,1.420593
3.618622-2.133179,1.485443
3.688812-2.133179,1.555634
3.755188-2.133179,1.622009
3.825378-2.133179,1.692200
3.892517-2.133179,1.759338
3.963470-2.133179,1.830292
4.029083-2.133179,1.895905
4.100800-2.133179,1.967621
4.167175-2.133179,2.033997
4.238892-2.133179,2.105713
4.300690-2.133179,2.167511
4.376221-2.133179,2.243042
4.444122-2.133179,2.310944
4.513550-2.133179,2.380371
4.580688-2.133179,2.447510
4.646301-2.133179,2.513123
4.722595-2.133179,2.589416
4.785156-2.133179,2.651978
4.851532-2.133179,2.718353
4.921722-2.133179,2.788544
4.993439-2.133179,2.860260
5.064392-2.133179,2.931213
2.266693-2.207184,0.059509
2.340698-2.207184,0.133514
2.402496-2.207184,0.195312
2.476501-2.207184,0.269318
2.536011-2.207184,0.328827
2.609253-2.207184,0.402069
2.669525-2.207184,0.462341
2.742767-2.207184,0.535583
2.805328-2.207184,0.598145
2.877808-2.207184,0.670624
2.942657-2.207184,0.735474
3.012848-2.207184,0.805664
3.075409-2.207184,0.868225
3.147125-2.207184,0.939941
3.214264-2.207184,1.007080
3.284454-2.207184,1.077271
3.345489-2.207184,1.138306
3.418732-2.207184,1.211548
3.482056-2.207184,1.274872
3.553772-2.207184,1.346588
3.618622-2.207184,1.411438
3.688812-2.207184,1.481628
3.755188-2.207184,1.548004
3.825378-2.207184,1.618195
3.892517-2.207184,1.685333
3.963470-2.207184,1.756287
4.029083-2.207184,1.821899
4.100800-2.207184,1.893616
4.167175-2.207184,1.959991
4.238892-2.207184,2.031708
4.300690-2.207184,2.093506
4.376221-2.207184,2.169037
4.444122-2.207184,2.236938
4.513550-2.207184,2.306366
4.580688-2.207184,2.373505
4.646301-2.207184,2.439117
4.722595-2.207184,2.515411
4.785156-2.207184,2.577972
4.851532-2.207184,2.644348
4.921722-2.207184,2.714539
4.993439-2.207184,2.786255
5.064392-2.207184,2.857208
2.340698-2.266693,0.074005
2.402496-2.266693,0.135803
2.476501-2.266693,0.209808
2.536011-2.266693,0.269318
2.609253-2.266693,0.342560
2.669525-2.266693,0.402832
2.742767-2.266693,0.476074
2.805328-2.266693,0.538635
2.877808-2.266693,0.611115
2.942657-2.266693,0.675964
3.012848-2.266693,0.746155
3.075409-2.266693,0.808716
3.147125-2.266693,0.880432
3.214264-2.266693,0.947571
3.284454-2.266693,1.017761
3.345489-2.266693,1.078796
3.418732-2.266693,1.152039
3.482056-2.266693,1.215363
3.553772-2.266693,1.287079
3.618622-2.266693,1.351929
3.688812-2.266693,1.422119
3.755188-2.266693,1.488495
3.825378-2.266693,1.558685
3.892517-2.266693,1.625824
3.963470-2.266693,1.696777
4.029083-2.266693,1.762390
4.100800-2.266693,1.834106
4.167175-2.266693,1.900482
4.238892-2.266693,1.972198
4.300690-2.266693,2.033997
4.376221-2.266693,2.109528
4.444122-2.266693,2.177429
4.513550-2.266693,2.246857
4.580688-2.266693,2.313995
4.646301-2.266693,2.379608
4.722595-2.266693,2.455902
4.785156-2.266693,2.518463
4.851532-2.266693,2.584839
4.921722-2.266693,2.655029
4.993439-2.266693,2.726746
5.064392-2.266693,2.797699
2.402496-2.340698,0.061798
2.476501-2.340698,0.135803
2.536011-2.340698,0.195312
2.609253-2.340698,0.268555
2.669525-2.340698,0.328827
2.742767-2.340698,0.402069
2.805328-2.340698,0.464630
2.877808-2.340698,0.537109
2.942657-2.340698,0.601959
3.012848-2.340698,0.672150
3.075409-2.340698,0.734711
3.147125-2.340698,0.806427
3.214264-2.340698,0.873566
3.284454-2.340698,0.943756
3.345489-2.340698,1.004791
3.418732-2.340698,1.078033
3.482056-2.340698,1.141357
3.553772-2.340698,1.213074
3.618622-2.340698,1.277924
3.688812-2.340698,1.348114
3.755188-2.340698,1.414490
3.825378-2.340698,1.484680
3.892517-2.340698,1.551819
3.963470-2.340698,1.622772
4.029083-2.340698,1.688385
4.100800-2.340698,1.760101
4.167175-2.340698,1.826477
4.238892-2.340698,1.898193
4.300690-2.340698,1.959991
4.376221-2.340698,2.035522
4.444122-2.340698,2.103424
4.513550-2.340698,2.172852
4.580688-2.340698,2.239990
4.646301-2.340698,2.305603
4.722595-2.340698,2.381897
4.785156-2.340698,2.444458
4.851532-2.340698,2.510834
4.921722-2.340698,2.581024
4.993439-2.340698,2.652740
5.064392-2.340698,2.723694
2.476501-2.402496,0.074005
2.536011-2.402496,0.133514
2.609253-2.402496,0.206757
2.669525-2.402496,0.267029
2.742767-2.402496,0.340271
2.805328-2.402496,0.402832
2.877808-2.402496,0.475311
2.942657-2.402496,0.540161
3.012848-2.402496,0.610352
3.075409-2.402496,0.672913
3.147125-2.402496,0.744629
3.214264-2.402496,0.811768
3.284454-2.402496,0.881958
3.345489-2.402496,0.942993
3.418732-2.402496,1.016235
3.482056-2.402496,1.079559
3.553772-2.402496,1.151276
3.618622-2.402496,1.216125
3.688812-2.402496,1.286316
3.755188-2.402496,1.352692
3.825378-2.402496,1.422882
3.892517-2.402496,1.490021
3.963470-2.402496,1.560974
4.029083-2.402496,1.626587
4.100800-2.402496,1.698303
4.167175-2.402496,1.764679
4.238892-2.402496,1.836395
4.300690-2.402496,1.898193
4.376221-2.402496,1.973724
4.444122-2.402496,2.041626
4.513550-2.402496,2.111053
4.580688-2.402496,2.178192
4.646301-2.402496,2.243805
4.722595-2.402496,2.320099
4.785156-2.402496,2.382660
4.851532-2.402496,2.449036
4.921722-2.402496,2.519226
4.993439-2.402496,2.590942
5.064392-2.402496,2.661896
2.536011-2.476501,0.059509
2.609253-2.476501,0.132751
2.669525-2.476501,0.193024
2.742767-2.476501,0.266266
2.805328-2.476501,0.328827
2.877808-2.476501,0.401306
2.942657-2.476501,0.466156
3.012848-2.476501,0.536346
3.075409-2.476501,0.598907
3.147125-2.476501,0.670624
3.214264-2.476501,0.737762
3.284454-2.476501,0.807953
3.345489-2.476501,0.868988
3.418732-2.476501,0.942230
3.482056-2.476501,1.005554
3.553772-2.476501,1.077271
3.618622-2.476501,1.142120
3.688812-2.476501,1.212311
3.755188-2.476501,1.278687
3.825378-2.476501,1.348877
3.892517-2.476501,1.416016
3.963470-2.476501,1.486969
4.029083-2.476501,1.552582
4.100800-2.476501,1.624298
4.167175-2.476501,1.690674
4.238892-2.476501,1.762390
4.300690-2.476501,1.824188
4.376221-2.476501,1.899719
4.444122-2.476501,1.967621
4.513550-2.476501,2.037048
4.580688-2.476501,2.104187
4.646301-2.476501,2.169800
4.722595-2.476501,2.246094
4.785156-2.476501,2.308655
4.851532-2.476501,2.375031
4.921722-2.476501,2.445221
4.993439-2.476501,2.516937
5.064392-2.476501,2.587891
2.609253-2.536011,0.073242
2.669525-2.536011,0.133514
2.742767-2.536011,0.206757
2.805328-2.536011,0.269318
2.877808-2.536011,0.341797
2.942657-2.536011,0.406647
3.012848-2.536011,0.476837
3.075409-2.536011,0.539398
3.147125-2.536011,0.611114
3.214264-2.536011,0.678253
3.284454-2.536011,0.748444
3.345489-2.536011,0.809479
3.418732-2.536011,0.882721
3.482056-2.536011,0.946045
3.553772-2.536011,1.017761
3.618622-2.536011,1.082611
3.688812-2.536011,1.152802
3.755188-2.536011,1.219177
3.825378-2.536011,1.289368
3.892517-2.536011,1.356506
3.963470-2.536011,1.427460
4.029083-2.536011,1.493073
4.100800-2.536011,1.564789
4.167175-2.536011,1.631165
4.238892-2.536011,1.702881
4.300690-2.536011,1.764679
4.376221-2.536011,1.840210
4.444122-2.536011,1.908112
4.513550-2.536011,1.977539
4.580688-2.536011,2.044678
4.646301-2.536011,2.110291
4.722595-2.536011,2.186584
4.785156-2.536011,2.249146
4.851532-2.536011,2.315521
4.921722-2.536011,2.385712
4.993439-2.536011,2.457428
5.064392-2.536011,2.528381
2.669525-2.609253,0.060272
2.742767-2.609253,0.133514
2.805328-2.609253,0.196075
2.877808-2.609253,0.268555
2.942657-2.609253,0.333405
3.012848-2.609253,0.403595
3.075409-2.609253,0.466156
3.147125-2.609253,0.537872
3.214264-2.609253,0.605011
3.284454-2.609253,0.675201
3.345489-2.609253,0.736237
3.418732-2.609253,0.809479
3.482056-2.609253,0.872803
3.553772-2.609253,0.944519
3.618622-2.609253,1.009369
3.688812-2.609253,1.079559
3.755188-2.609253,1.145935
3.825378-2.609253,1.216125
3.892517-2.609253,1.283264
3.963470-2.609253,1.354218
4.029083-2.609253,1.419830
4.100800-2.609253,1.491547
4.167175-2.609253,1.557922
4.238892-2.609253,1.629639
4.300690-2.609253,1.691437
4.376221-2.609253,1.766968
4.444122-2.609253,1.834869
4.513550-2.609253,1.904297
4.580688-2.609253,1.971436
4.646301-2.609253,2.037048
4.722595-2.609253,2.113342
4.785156-2.609253,2.175903
4.851532-2.609253,2.242279
4.921722-2.609253,2.312469
4.993439-2.609253,2.384186
5.064392-2.609253,2.455139
2.742767-2.669525,0.073242
2.805328-2.669525,0.135803
2.877808-2.669525,0.208282
2.942657-2.669525,0.273132
3.012848-2.669525,0.343323
3.075409-2.669525,0.405884
3.147125-2.669525,0.477600
3.214264-2.669525,0.544739
3.284454-2.669525,0.614929
3.345489-2.669525,0.675964
3.418732-2.669525,0.749207
3.482056-2.669525,0.812531
3.553772-2.669525,0.884247
3.618622-2.669525,0.949097
3.688812-2.669525,1.019287
3.755188-2.669525,1.085663
3.825378-2.669525,1.155853
3.892517-2.669525,1.222992
3.963470-2.669525,1.293945
4.029083-2.669525,1.359558
4.100800-2.669525,1.431274
4.167175-2.669525,1.497650
4.238892-2.669525,1.569366
4.300690-2.669525,1.631165
4.376221-2.669525,1.706696
4.444122-2.669525,1.774597
4.513550-2.669525,1.844025
4.580688-2.669525,1.911163
4.646301-2.669525,1.976776
4.722595-2.669525,2.053070
4.785156-2.669525,2.115631
4.851532-2.669525,2.182007
4.921722-2.669525,2.252197
4.993439-2.669525,2.323914
5.064392-2.669525,2.394867
2.805328-2.742767,0.062561
2.877808-2.742767,0.135040
2.942657-2.742767,0.199890
3.012848-2.742767,0.270081
3.075409-2.742767,0.332642
3.147125-2.742767,0.404358
3.214264-2.742767,0.471497
3.284454-2.742767,0.541687
3.345489-2.742767,0.602722
3.418732-2.742767,0.675964
3.482056-2.742767,0.739288
3.553772-2.742767,0.811005
3.618622-2.742767,0.875854
3.688812-2.742767,0.946045
3.755188-2.742767,1.012421
3.825378-2.742767,1.082611
3.892517-2.742767,1.149750
3.963470-2.742767,1.220703
4.029083-2.742767,1.286316
4.100800-2.742767,1.358032
4.167175-2.742767,1.424408
4.238892-2.742767,1.496124
4.300690-2.742767,1.557922
4.376221-2.742767,1.633453
4.444122-2.742767,1.701355
4.513550-2.742767,1.770782
4.580688-2.742767,1.837921
4.646301-2.742767,1.903534
4.722595-2.742767,1.979828
4.785156-2.742767,2.042389
4.851532-2.742767,2.108765
4.921722-2.742767,2.178955
4.993439-2.742767,2.250671
5.064392-2.742767,2.321625
2.877808-2.805328,0.072479
2.942657-2.805328,0.137329
3.012848-2.805328,0.207520
3.075409-2.805328,0.270081
3.147125-2.805328,0.341797
3.214264-2.805328,0.408936
3.284454-2.805328,0.479126
3.345489-2.805328,0.540161
3.418732-2.805328,0.613403
3.482056-2.805328,0.676727
3.553772-2.805328,0.748444
3.618622-2.805328,0.813293
3.688812-2.805328,0.883484
3.755188-2.805328,0.949860
3.825378-2.805328,1.020050
3.892517-2.805328,1.087189
3.963470-2.805328,1.158142
4.029083-2.805328,1.223755
4.100800-2.805328,1.295471
4.167175-2.805328,1.361847
4.238892-2.805328,1.433563
4.300690-2.805328,1.495361
4.376221-2.805328,1.570892
4.444122-2.805328,1.638794
4.513550-2.805328,1.708221
4.580688-2.805328,1.775360
4.646301-2.805328,1.840973
4.722595-2.805328,1.917267
4.785156-2.805328,1.979828
4.851532-2.805328,2.046204
4.921722-2.805328,2.116394
4.993439-2.805328,2.188110
5.064392-2.805328,2.259064
2.942657-2.877808,0.064850
3.012848-2.877808,0.135040
3.075409-2.877808,0.197601
3.147125-2.877808,0.269318
3.214264-2.877808,0.336456
3.284454-2.877808,0.406647
3.345489-2.877808,0.467682
3.418732-2.877808,0.540924
3.482056-2.877808,0.604248
3.553772-2.877808,0.675964
3.618622-2.877808,0.740814
3.688812-2.877808,0.811005
3.755188-2.877808,0.877380
3.825378-2.877808,0.947571
3.892517-2.877808,1.014709
3.963470-2.877808,1.085663
4.029083-2.877808,1.151276
4.100800-2.877808,1.222992
4.167175-2.877808,1.289368
4.238892-2.877808,1.361084
4.300690-2.877808,1.422882
4.376221-2.877808,1.498413
4.444122-2.877808,1.566315
4.513550-2.877808,1.635742
4.580688-2.877808,1.702881
4.646301-2.877808,1.768494
4.722595-2.877808,1.844788
4.785156-2.877808,1.907349
4.851532-2.877808,1.973724
4.921722-2.877808,2.043915
4.993439-2.877808,2.115631
5.064392-2.877808,2.186584
3.012848-2.942657,0.070190
3.075409-2.942657,0.132751
3.147125-2.942657,0.204468
3.214264-2.942657,0.271606
3.284454-2.942657,0.341797
3.345489-2.942657,0.402832
3.418732-2.942657,0.476074
3.482056-2.942657,0.539398
3.553772-2.942657,0.611115
3.618622-2.942657,0.675964
3.688812-2.942657,0.746155
3.755188-2.942657,0.812531
3.825378-2.942657,0.882721
3.892517-2.942657,0.949860
3.963470-2.942657,1.020813
4.029083-2.942657,1.086426
4.100800-2.942657,1.158142
4.167175-2.942657,1.224518
4.238892-2.942657,1.296234
4.300690-2.942657,1.358032
4.376221-2.942657,1.433563
4.444122-2.942657,1.501465
4.513550-2.942657,1.570892
4.580688-2.942657,1.638031
4.646301-2.942657,1.703644
4.722595-2.942657,1.779938
4.785156-2.942657,1.842499
4.851532-2.942657,1.908875
4.921722-2.942657,1.979065
4.993439-2.942657,2.050781
5.064392-2.942657,2.121735
3.075409-3.012848,0.062561
3.147125-3.012848,0.134277
3.214264-3.012848,0.201416
3.284454-3.012848,0.271606
3.345489-3.012848,0.332642
3.418732-3.012848,0.405884
3.482056-3.012848,0.469208
3.553772-3.012848,0.540924
3.618622-3.012848,0.605774
3.688812-3.012848,0.675964
3.755188-3.012848,0.742340
3.825378-3.012848,0.812531
3.892517-3.012848,0.879669
3.963470-3.012848,0.950623
4.029083-3.012848,1.016235
4.100800-3.012848,1.087952
4.167175-3.012848,1.154327
4.238892-3.012848,1.226044
4.300690-3.012848,1.287842
4.376221-3.012848,1.363373
4.444122-3.012848,1.431274
4.513550-3.012848,1.500702
4.580688-3.012848,1.567841
4.646301-3.012848,1.633453
4.722595-3.012848,1.709747
4.785156-3.012848,1.772308
4.851532-3.012848,1.838684
4.921722-3.012848,1.908875
4.993439-3.012848,1.980591
5.064392-3.012848,2.051544
3.147125-3.075409,0.071716
3.214264-3.075409,0.138855
3.284454-3.075409,0.209045
3.345489-3.075409,0.270081
3.418732-3.075409,0.343323
3.482056-3.075409,0.406647
3.553772-3.075409,0.478363
3.618622-3.075409,0.543213
3.688812-3.075409,0.613403
3.755188-3.075409,0.679779
3.825378-3.075409,0.749969
3.892517-3.075409,0.817108
3.963470-3.075409,0.888062
4.029083-3.075409,0.953674
4.100800-3.075409,1.025391
4.167175-3.075409,1.091766
4.238892-3.075409,1.163483
4.300690-3.075409,1.225281
4.376221-3.075409,1.300812
4.444122-3.075409,1.368713
4.513550-3.075409,1.438141
4.580688-3.075409,1.505280
4.646301-3.075409,1.570892
4.722595-3.075409,1.647186
4.785156-3.075409,1.709747
4.851532-3.075409,1.776123
4.921722-3.075409,1.846313
4.993439-3.075409,1.918030
5.064392-3.075409,1.988983
3.214264-3.147125,0.067139
3.284454-3.147125,0.137329
3.345489-3.147125,0.198364
3.418732-3.147125,0.271606
3.482056-3.147125,0.334930
3.553772-3.147125,0.406647
3.618622-3.147125,0.471497
3.688812-3.147125,0.541687
3.755188-3.147125,0.608063
3.825378-3.147125,0.678253
3.892517-3.147125,0.745392
3.963470-3.147125,0.816345
4.029083-3.147125,0.881958
4.100800-3.147125,0.953674
4.167175-3.147125,1.020050
4.238892-3.147125,1.091766
4.300690-3.147125,1.153564
4.376221-3.147125,1.229095
4.444122-3.147125,1.296997
4.513550-3.147125,1.366425
4.580688-3.147125,1.433563
4.646301-3.147125,1.499176
4.722595-3.147125,1.575470
4.785156-3.147125,1.638031
4.851532-3.147125,1.704407
4.921722-3.147125,1.774597
4.993439-3.147125,1.846313
5.064392-3.147125,1.917267
3.284454-3.214264,0.070190
3.345489-3.214264,0.131226
3.418732-3.214264,0.204468
3.482056-3.214264,0.267792
3.553772-3.214264,0.339508
3.618622-3.214264,0.404358
3.688812-3.214264,0.474548
3.755188-3.214264,0.540924
3.825378-3.214264,0.611114
3.892517-3.214264,0.678253
3.963470-3.214264,0.749207
4.029083-3.214264,0.814819
4.100800-3.214264,0.886536
4.167175-3.214264,0.952911
4.238892-3.214264,1.024628
4.300690-3.214264,1.086426
4.376221-3.214264,1.161957
4.444122-3.214264,1.229858
4.513550-3.214264,1.299286
4.580688-3.214264,1.366425
4.646301-3.214264,1.432037
4.722595-3.214264,1.508331
4.785156-3.214264,1.570892
4.851532-3.214264,1.637268
4.921722-3.214264,1.707458
4.993439-3.214264,1.779175
5.064392-3.214264,1.850128
3.345489-3.284454,0.061035
3.418732-3.284454,0.134277
3.482056-3.284454,0.197601
3.553772-3.284454,0.269318
3.618622-3.284454,0.334167
3.688812-3.284454,0.404358
3.755188-3.284454,0.470734
3.825378-3.284454,0.540924
3.892517-3.284454,0.608063
3.963470-3.284454,0.679016
4.029083-3.284454,0.744629
4.100800-3.284454,0.816345
4.167175-3.284454,0.882721
4.238892-3.284454,0.954437
4.300690-3.284454,1.016235
4.376221-3.284454,1.091766
4.444122-3.284454,1.159668
4.513550-3.284454,1.229095
4.580688-3.284454,1.296234
4.646301-3.284454,1.361847
4.722595-3.284454,1.438141
4.785156-3.284454,1.500702
4.851532-3.284454,1.567078
4.921722-3.284454,1.637268
4.993439-3.284454,1.708984
5.064392-3.284454,1.779938
3.418732-3.345489,0.073242
3.482056-3.345489,0.136566
3.553772-3.345489,0.208282
3.618622-3.345489,0.273132
3.688812-3.345489,0.343323
3.755188-3.345489,0.409698
3.825378-3.345489,0.479889
3.892517-3.345489,0.547028
3.963470-3.345489,0.617981
4.029083-3.345489,0.683594
4.100800-3.345489,0.755310
4.167175-3.345489,0.821686
4.238892-3.345489,0.893402
4.300690-3.345489,0.955200
4.376221-3.345489,1.030731
4.444122-3.345489,1.098633
4.513550-3.345489,1.168060
4.580688-3.345489,1.235199
4.646301-3.345489,1.300812
4.722595-3.345489,1.377106
4.785156-3.345489,1.439667
4.851532-3.345489,1.506042
4.921722-3.345489,1.576233
4.993439-3.345489,1.647949
5.064392-3.345489,1.718903
3.482056-3.418732,0.063324
3.553772-3.418732,0.135040
3.618622-3.418732,0.199890
3.688812-3.418732,0.270081
3.755188-3.418732,0.336456
3.825378-3.418732,0.406647
3.892517-3.418732,0.473785
3.963470-3.418732,0.544739
4.029083-3.418732,0.610352
4.100800-3.418732,0.682068
4.167175-3.418732,0.748444
4.238892-3.418732,0.820160
4.300690-3.418732,0.881958
4.376221-3.418732,0.957489
4.444122-3.418732,1.025391
4.513550-3.418732,1.094818
4.580688-3.418732,1.161957
4.646301-3.418732,1.227570
4.722595-3.418732,1.303864
4.785156-3.418732,1.366425
4.851532-3.418732,1.432800
4.921722-3.418732,1.502991
4.993439-3.418732,1.574707
5.064392-3.418732,1.645660
3.553772-3.482056,0.071716
3.618622-3.482056,0.136566
3.688812-3.482056,0.206757
3.755188-3.482056,0.273132
3.825378-3.482056,0.343323
3.892517-3.482056,0.410461
3.963470-3.482056,0.481415
4.029083-3.482056,0.547028
4.100800-3.482056,0.618744
4.167175-3.482056,0.685120
4.238892-3.482056,0.756836
4.300690-3.482056,0.818634
4.376221-3.482056,0.894165
4.444122-3.482056,0.962067
4.513550-3.482056,1.031494
4.580688-3.482056,1.098633
4.646301-3.482056,1.164246
4.722595-3.482056,1.240540
4.785156-3.482056,1.303101
4.851532-3.482056,1.369476
4.921722-3.482056,1.439667
4.993439-3.482056,1.511383
5.064392-3.482056,1.582336
3.618622-3.553772,0.064850
3.688812-3.553772,0.135040
3.755188-3.553772,0.201416
3.825378-3.553772,0.271606
3.892517-3.553772,0.338745
3.963470-3.553772,0.409698
4.029083-3.553772,0.475311
4.100800-3.553772,0.547028
4.167175-3.553772,0.613403
4.238892-3.553772,0.685120
4.300690-3.553772,0.746918
4.376221-3.553772,0.822449
4.444122-3.553772,0.890350
4.513550-3.553772,0.959778
4.580688-3.553772,1.026917
4.646301-3.553772,1.092529
4.722595-3.553772,1.168823
4.785156-3.553772,1.231384
4.851532-3.553772,1.297760
4.921722-3.553772,1.367950
4.993439-3.553772,1.439667
5.064392-3.553772,1.510620
3.688812-3.618622,0.070190
3.755188-3.618622,0.136566
3.825378-3.618622,0.206757
3.892517-3.618622,0.273895
3.963470-3.618622,0.344849
4.029083-3.618622,0.410461
4.100800-3.618622,0.482178
4.167175-3.618622,0.548553
4.238892-3.618622,0.620270
4.300690-3.618622,0.682068
4.376221-3.618622,0.757599
4.444122-3.618622,0.825500
4.513550-3.618622,0.894928
4.580688-3.618622,0.962067
4.646301-3.618622,1.027679
4.722595-3.618622,1.103973
4.785156-3.618622,1.166534
4.851532-3.618622,1.232910
4.921722-3.618622,1.303101
4.993439-3.618622,1.374817
5.064392-3.618622,1.445770
3.755188-3.688812,0.066376
3.825378-3.688812,0.136566
3.892517-3.688812,0.203705
3.963470-3.688812,0.274658
4.029083-3.688812,0.340271
4.100800-3.688812,0.411987
4.167175-3.688812,0.478363
4.238892-3.688812,0.550079
4.300690-3.688812,0.611877
4.376221-3.688812,0.687408
4.444122-3.688812,0.755310
4.513550-3.688812,0.824738
4.580688-3.688812,0.891876
4.646301-3.688812,0.957489
4.722595-3.688812,1.033783
4.785156-3.688812,1.096344
4.851532-3.688812,1.162720
4.921722-3.688812,1.232910
4.993439-3.688812,1.304626
5.064392-3.688812,1.375580
3.825378-3.755188,0.070190
3.892517-3.755188,0.137329
3.963470-3.755188,0.208282
4.029083-3.755188,0.273895
4.100800-3.755188,0.345612
4.167175-3.755188,0.411987
4.238892-3.755188,0.483704
4.300690-3.755188,0.545502
4.376221-3.755188,0.621033
4.444122-3.755188,0.688934
4.513550-3.755188,0.758362
4.580688-3.755188,0.825500
4.646301-3.755188,0.891113
4.722595-3.755188,0.967407
4.785156-3.755188,1.029968
4.851532-3.755188,1.096344
4.921722-3.755188,1.166534
4.993439-3.755188,1.238251
5.064392-3.755188,1.309204
3.892517-3.825378,0.067139
3.963470-3.825378,0.138092
4.029083-3.825378,0.203705
4.100800-3.825378,0.275421
4.167175-3.825378,0.341797
4.238892-3.825378,0.413513
4.300690-3.825378,0.475311
4.376221-3.825378,0.550842
4.444122-3.825378,0.618744
4.513550-3.825378,0.688171
4.580688-3.825378,0.755310
4.646301-3.825378,0.820923
4.722595-3.825378,0.897217
4.785156-3.825378,0.959778
4.851532-3.825378,1.026154
4.921722-3.825378,1.096344
4.993439-3.825378,1.168060
5.064392-3.825378,1.239014
3.963470-3.892517,0.070953
4.029083-3.892517,0.136566
4.100800-3.892517,0.208282
4.167175-3.892517,0.274658
4.238892-3.892517,0.346375
4.300690-3.892517,0.408173
4.376221-3.892517,0.483704
4.444122-3.892517,0.551605
4.513550-3.892517,0.621033
4.580688-3.892517,0.688171
4.646301-3.892517,0.753784
4.722595-3.892517,0.830078
4.785156-3.892517,0.892639
4.851532-3.892517,0.959015
4.921722-3.892517,1.029205
4.993439-3.892517,1.100922
5.064392-3.892517,1.171875
4.029083-3.963470,0.065613
4.100800-3.963470,0.137329
4.167175-3.963470,0.203705
4.238892-3.963470,0.275421
4.300690-3.963470,0.337219
4.376221-3.963470,0.412750
4.444122-3.963470,0.480652
4.513550-3.963470,0.550079
4.580688-3.963470,0.617218
4.646301-3.963470,0.682831
4.722595-3.963470,0.759125
4.785156-3.963470,0.821686
4.851532-3.963470,0.888062
4.921722-3.963470,0.958252
4.993439-3.963470,1.029968
5.064392-3.963470,1.100922
4.100800-4.029083,0.071716
4.167175-4.029083,0.138092
4.238892-4.029083,0.209808
4.300690-4.029083,0.271606
4.376221-4.029083,0.347137
4.444122-4.029083,0.415039
4.513550-4.029083,0.484467
4.580688-4.029083,0.551605
4.646301-4.029083,0.617218
4.722595-4.029083,0.693512
4.785156-4.029083,0.756073
4.851532-4.029083,0.822449
4.921722-4.029083,0.892639
4.993439-4.029083,0.964355
5.064392-4.029083,1.035309
4.167175-4.100800,0.066376
4.238892-4.100800,0.138092
4.300690-4.100800,0.199890
4.376221-4.100800,0.275421
4.444122-4.100800,0.343323
4.513550-4.100800,0.412750
4.580688-4.100800,0.479889
4.646301-4.100800,0.545502
4.722595-4.100800,0.621796
4.785156-4.100800,0.684357
4.851532-4.100800,0.750732
4.921722-4.100800,0.820923
4.993439-4.100800,0.892639
5.064392-4.100800,0.963593
4.238892-4.167175,0.071716
4.300690-4.167175,0.133514
4.376221-4.167175,0.209045
4.444122-4.167175,0.276947
4.513550-4.167175,0.346375
4.580688-4.167175,0.413513
4.646301-4.167175,0.479126
4.722595-4.167175,0.555420
4.785156-4.167175,0.617981
4.851532-4.167175,0.684357
4.921722-4.167175,0.754547
4.993439-4.167175,0.826263
5.064392-4.167175,0.897217
4.300690-4.238892,0.061798
4.376221-4.238892,0.137329
4.444122-4.238892,0.205231
4.513550-4.238892,0.274658
4.580688-4.238892,0.341797
4.646301-4.238892,0.407410
4.722595-4.238892,0.483704
4.785156-4.238892,0.546265
4.851532-4.238892,0.612640
4.921722-4.238892,0.682831
4.993439-4.238892,0.754547
5.064392-4.238892,0.825500
4.376221-4.300690,0.075531
4.444122-4.300690,0.143433
4.513550-4.300690,0.212860
4.580688-4.300690,0.279999
4.646301-4.300690,0.345612
4.722595-4.300690,0.421906
4.785156-4.300690,0.484467
4.851532-4.300690,0.550842
4.921722-4.300690,0.621033
4.993439-4.300690,0.692749
5.064392-4.300690,0.763702
4.444122-4.376221,0.067902
4.513550-4.376221,0.137329
4.580688-4.376221,0.204468
4.646301-4.376221,0.270081
4.722595-4.376221,0.346375
4.785156-4.376221,0.408936
4.851532-4.376221,0.475311
4.921722-4.376221,0.545502
4.993439-4.376221,0.617218
5.064392-4.376221,0.688171
4.513550-4.444122,0.069427
4.580688-4.444122,0.136566
4.646301-4.444122,0.202179
4.722595-4.444122,0.278473
4.785156-4.444122,0.341034
4.851532-4.444122,0.407410
4.921722-4.444122,0.477600
4.993439-4.444122,0.549316
5.064392-4.444122,0.620270
4.580688-4.513550,0.067139
4.646301-4.513550,0.132751
4.722595-4.513550,0.209045
4.785156-4.513550,0.271606
4.851532-4.513550,0.337982
4.921722-4.513550,0.408173
4.993439-4.513550,0.479889
5.064392-4.513550,0.550842
4.646301-4.580688,0.065613
4.722595-4.580688,0.141907
4.785156-4.580688,0.204468
4.851532-4.580688,0.270843
4.921722-4.580688,0.341034
4.993439-4.580688,0.412750
5.064392-4.580688,0.483704
4.722595-4.646301,0.076294
4.785156-4.646301,0.138855
4.851532-4.646301,0.205231
4.921722-4.646301,0.275421
4.993439-4.646301,0.347137
5.064392-4.646301,0.418091
4.785156-4.722595,0.062561
4.851532-4.722595,0.128937
4.921722-4.722595,0.199127
4.993439-4.722595,0.270844
5.064392-4.722595,0.341797
4.851532-4.785156,0.066376
4.921722-4.785156,0.136566
4.993439-4.785156,0.208282
5.064392-4.785156,0.279236
4.921722-4.851532,0.070190
4.993439-4.851532,0.141907
5.064392-4.851532,0.212860
4.993439-4.921722,0.071716
5.064392-4.921722,0.142670
5.064392-4.993439,0.070953
